序号,代码,名称,市场代码简称,最新价(元) 10:28,涨跌幅(%) 10:28,区间涨跌幅(%) 2026.05.20 - 2026.08.12,市盈率(TTM)(倍) 2026.08.12,收盘价(日线不复权)(元) 10:28,证券类型,涨跌额(元) 10:28,最高价(元) 10:28,最低价(元) 10:28,换手率(%) 10:28,量比 10:28,成交量(股) 10:28,成交额(元) 10:28,市盈率(动)(倍) 2026.08.12,市净率(倍) 2026.08.12,总市值(元) 2026.08.12,流通市值(元) 2026.08.12,CHOICE_INNER_CODE,IN_OPTIONAL
1,301170,锡南科技,SZ,23.03,0.52,-20.05,23.28,23.03,A股,0.120,23.12,22.80,0.70,1.23,26.73万,614.35万,24.36,1.2944,23.03亿,8.75亿,1002687838,False
2,688113,联测科技,SH,36.44,0.75,-20.07,24.19,36.44,A股,0.270,36.66,35.88,0.26,0.99,16.57万,603.17万,20.66,2.3488,23.47亿,23.47亿,1002287241,False
3,920089,禾昌聚合,BJ,10.26,-0.10,-20.10,12.98,10.26,A股,-0.010,10.37,10.17,0.27,1.21,30.03万,307.87万,16.38,1.5282,20.10亿,11.45亿,1000388865,False
4,002997,瑞鹄模具,SZ,27.32,0.40,-20.12,14.26,27.32,A股,0.110,27.39,27.00,0.17,0.75,36.44万,993.05万,13.39,2.2742,57.19亿,57.19亿,1001861279,False
5,605303,园林股份,SH,21.79,1.73,-20.12,-21.20,21.79,A股,0.370,21.90,21.30,0.71,1.24,115.11万,2502.35万,-75.84,4.1521,35.13亿,35.13亿,1000576782,False
6,688795,摩尔线程-U,SH,572.02,0.00,-20.13,-362.64,572.02,A股,0.020,576.70,570.01,1.07,0.96,32.23万,1.85亿,-1.16万,22.0803,2688.66亿,172.90亿,1004296975,False
7,301283,聚胶股份,SZ,26.08,-0.08,-20.15,15.51,26.08,A股,-0.020,26.26,26.05,0.42,1.64,38.42万,1004.96万,19.06,1.8997,30.31亿,23.83亿,1002618220,False
8,920003,中诚咨询,BJ,16.96,0.06,-20.16,14.24,16.96,A股,0.010,17.02,16.89,0.18,0.62,3.43万,58.22万,9.14,2.6036,15.37亿,3.30亿,1004433429,False
9,688335,复洁科技,SH,22.34,-0.62,-20.19,-890.10,22.34,A股,-0.140,22.99,22.05,1.10,2.31,162.85万,3664.67万,-53.12,3.0000,33.07亿,33.07亿,1002131490,False
10,300635,中达安,SZ,12.01,0.84,-20.20,-18.62,12.01,A股,0.100,12.08,11.74,0.99,1.26,119.27万,1428.86万,281.92,5.4681,16.82亿,14.46亿,1000576669,False
11,300719,安达维尔,SZ,11.72,0.43,-20.33,-263.02,11.72,A股,0.050,11.83,11.59,0.59,1.19,105.70万,1239.10万,-54.23,2.9511,29.80亿,21.05亿,1000798976,False
12,600768,宁波富邦,SH,15.04,1.76,-20.33,18.73,15.04,A股,0.260,15.15,14.77,1.86,2.25,248.39万,3728.85万,17.19,4.1775,20.12亿,20.12亿,1000002046,False
13,301001,凯淳股份,SZ,24.54,1.03,-20.38,-163.87,24.54,A股,0.250,24.84,24.20,1.22,1.44,61.58万,1511.58万,1109.03,2.5533,19.63亿,12.34亿,1002298436,False
14,002130,沃尔核材,SZ,17.26,1.11,-20.42,21.48,17.26,A股,0.190,17.33,17.03,0.67,1.02,773.41万,1.33亿,26.12,2.7084,241.62亿,197.96亿,1000006660,False
15,003029,吉大正元,SZ,17.31,0.70,-20.45,-34.52,17.31,A股,0.120,17.50,17.01,2.02,1.67,355.56万,6167.96万,-62.39,3.2720,33.52亿,30.48亿,1001899015,False
16,920180,爱得科技,BJ,12.17,0.91,-20.46,19.41,12.17,A股,0.110,12.21,12.01,0.32,0.62,11.28万,136.93万,29.64,1.8998,14.38亿,4.34亿,1003249200,False
17,002491,通鼎互联,SZ,18.84,9.98,-20.47,-147.82,18.84,A股,1.710,18.84,17.00,6.37,1.92,7494.02万,13.49亿,112.99,9.1945,231.73亿,221.65亿,1000008207,False
18,002085,万丰奥威,SZ,10.79,0.28,-20.48,23.98,10.79,A股,0.030,10.85,10.69,0.33,1.14,706.56万,7616.48万,23.57,3.0418,229.10亿,229.10亿,1000006663,False
19,300850,新强联,SZ,29.27,1.70,-20.48,15.20,29.27,A股,0.490,29.34,28.21,1.72,1.64,516.23万,1.48亿,20.26,1.7245,121.20亿,88.04亿,1001838970,False
20,301515,港通医疗,SZ,19.16,0.74,-20.50,-392.05,19.16,A股,0.140,19.20,18.73,0.63,1.15,42.31万,806.48万,-722.61,1.5638,19.16亿,12.94亿,1000501659,False
21,920663,明阳科技,BJ,12.95,-1.22,-20.50,19.77,12.95,A股,-0.160,13.12,12.90,0.44,1.38,28.20万,365.93万,19.68,4.5178,17.30亿,8.30亿,1000658977,False
22,603833,欧派家居,SH,32.09,-0.59,-20.54,10.60,32.09,A股,-0.190,32.43,31.90,0.23,0.84,138.79万,4461.26万,31.57,1.1013,195.48亿,195.48亿,1000376804,False
23,600089,特变电工,SH,21.26,-0.56,-20.59,17.41,21.26,A股,-0.120,21.49,21.26,0.48,0.93,2438.03万,5.20亿,14.80,1.5313,1074.22亿,1074.22亿,1000002271,False
24,920579,机科股份,BJ,15.30,0.39,-20.60,-35.61,15.30,A股,0.060,15.39,15.12,0.70,1.26,31.30万,476.60万,-37.76,4.2414,19.81亿,6.82亿,1000549372,False
25,002869,金溢科技,SZ,16.21,0.75,-20.62,-19.40,16.21,A股,0.120,16.28,15.99,0.60,1.09,95.25万,1539.29万,-28.43,1.4225,28.68亿,25.53亿,1000501661,False
26,000672,上峰材料,SZ,14.03,0.86,-20.62,23.08,14.03,A股,0.120,14.08,13.89,0.34,0.64,332.50万,4654.85万,106.64,1.5771,136.10亿,136.10亿,1000004032,False
27,603348,文灿股份,SH,14.55,0.41,-20.62,-10.60,14.55,A股,0.060,14.70,14.42,0.27,0.84,83.36万,1211.37万,-14.34,1.1753,45.76亿,45.76亿,1000693895,False
28,688599,天合光能,SH,13.70,2.32,-20.63,-7.32,13.70,A股,0.310,13.74,13.31,0.75,1.98,1745.29万,2.36亿,-59.46,1.5752,320.93亿,320.93亿,1001860322,False
29,688244,永信至诚,SH,15.86,0.32,-20.70,-49.38,15.86,A股,0.050,15.96,15.66,0.36,0.77,55.01万,871.42万,-25.50,2.5256,23.94亿,23.94亿,1002683929,False
30,301219,腾远钴业,SZ,50.09,0.26,-20.71,12.63,50.09,A股,0.130,50.80,49.50,1.87,1.33,511.14万,2.56亿,9.03,2.0027,191.76亿,136.87亿,1000975323,False
31,002848,高斯贝尔,SZ,13.44,1.36,-20.71,-41.65,13.44,A股,0.180,13.56,13.23,1.75,1.70,288.96万,3878.57万,-214.29,31.9879,22.46亿,22.23亿,1000385945,False
32,300183,东软载波,SZ,10.67,0.85,-20.73,-307.51,10.67,A股,0.090,10.70,10.51,0.33,1.39,124.08万,1318.42万,-54.63,1.5969,49.36亿,39.59亿,1000008623,False
33,688533,上声电子,SH,21.76,0.00,-20.76,19.99,21.76,A股,0.000,21.91,21.62,0.12,0.87,19.41万,423.37万,36.90,2.0916,35.90亿,35.90亿,1002277085,False
34,002611,东方精工,SZ,15.92,-0.25,-20.79,4.64,15.92,A股,-0.040,15.99,15.88,0.60,0.87,603.13万,9615.46万,2.52,2.0990,193.79亿,159.83亿,1000010123,False
35,605177,东亚药业,SH,17.64,0.57,-20.79,-18.28,17.64,A股,0.100,17.84,17.35,0.56,1.45,63.80万,1126.91万,-14.37,1.2180,20.24亿,20.05亿,1001887314,False
36,300949,奥雅股份,SZ,22.33,1.36,-20.81,-15.94,22.33,A股,0.300,22.60,21.81,0.99,1.72,49.42万,1102.78万,-168.64,3.4500,19.43亿,11.11亿,1000734425,False
37,300614,百川畅银,SZ,10.63,-0.09,-20.85,-4.17,10.63,A股,-0.010,10.72,10.55,0.44,1.05,69.88万,744.15万,-21.00,2.3606,17.05亿,17.05亿,1001899004,False
38,301040,中环海陆,SZ,27.45,1.67,-20.89,-32.89,27.45,A股,0.450,27.68,26.74,0.81,1.02,76.84万,2100.32万,-26.53,3.9169,27.45亿,25.90亿,1002299867,False
39,603185,弘元绿能,SH,17.24,-0.06,-21.00,-279.60,17.24,A股,-0.010,17.35,16.86,0.88,1.39,597.62万,1.02亿,-10.12,1.0066,117.76亿,117.06亿,1000012057,False
40,600598,北大荒,SH,11.98,-0.50,-21.01,17.62,11.98,A股,-0.060,12.06,11.98,0.25,0.85,447.14万,5371.18万,9.17,2.8011,212.97亿,212.97亿,1000000694,False
41,688246,嘉和美康,SH,19.54,1.03,-21.02,-10.87,19.54,A股,0.200,19.70,19.26,0.51,1.04,69.51万,1356.41万,-46.95,2.0841,26.88亿,26.88亿,1002376689,False
42,002811,郑中设计,SZ,10.39,-0.10,-21.05,19.38,10.39,A股,-0.010,10.51,10.35,0.33,1.05,94.09万,982.48万,22.39,2.2505,32.00亿,29.36亿,1000310891,False
43,002214,大立科技,SZ,14.81,0.07,-21.06,-39.05,14.81,A股,0.010,14.88,14.52,0.84,1.30,403.68万,5927.43万,-32.46,7.0498,88.66亿,70.85亿,1000007312,False
44,688552,航天南湖,SH,28.68,2.14,-21.06,-339.00,28.68,A股,0.600,29.06,27.80,0.52,1.70,175.49万,5017.27万,-622.63,3.7596,96.72亿,96.72亿,1003135034,False
45,603606,东方电缆,SH,38.77,-0.15,-21.06,23.46,38.77,A股,-0.060,38.95,38.65,0.53,0.84,440.88万,1.71亿,28.31,3.7814,319.78亿,319.78亿,1000305969,False
46,002858,力盛体育,SZ,11.91,0.17,-21.07,-315.01,11.91,A股,0.020,12.02,11.80,0.75,1.12,109.93万,1313.30万,92.15,2.6427,22.23亿,17.56亿,1000392596,False
47,300675,建科院,SZ,12.73,-0.31,-21.08,-24.49,12.73,A股,-0.040,12.88,12.58,0.58,1.45,85.24万,1090.15万,-23.80,3.7952,18.67亿,18.67亿,1000506159,False
48,002074,国轩高科,SZ,28.05,1.23,-21.08,22.10,28.05,A股,0.340,28.30,27.68,0.70,1.81,1214.06万,3.40亿,603.31,1.7706,509.03亿,487.15亿,1000007738,False
49,605016,百龙创园,SH,20.99,-2.37,-21.09,21.62,20.99,A股,-0.510,21.50,20.95,0.64,2.33,267.16万,5655.43万,18.28,4.3801,88.16亿,88.16亿,1002087055,False
50,001207,联科科技,SZ,16.33,0.06,-21.15,16.76,16.33,A股,0.010,16.47,16.08,1.06,2.52,310.93万,5048.70万,15.56,2.0484,49.47亿,47.76亿,1002281120,False
51,000070,特发信息,SZ,14.79,2.92,-21.16,-26.21,14.79,A股,0.420,14.90,14.35,2.71,1.60,2319.54万,3.40亿,-336.75,12.8359,128.44亿,126.71亿,1000001918,False
52,300594,ST朗进,SZ,15.30,-0.07,-21.17,-101.85,15.30,A股,-0.010,15.42,15.18,0.46,0.91,41.48万,634.05万,-29.11,1.8406,14.06亿,13.92亿,1001217013,False
53,603392,万泰生物,SH,30.85,0.46,-21.20,-100.41,30.85,A股,0.140,31.89,30.70,0.39,3.05,493.82万,1.55亿,-226.87,3.2996,390.07亿,390.07亿,1000734408,False
54,001277,速达股份,SZ,29.14,0.03,-21.20,24.63,29.14,A股,0.010,29.33,28.94,0.48,0.94,22.09万,644.01万,38.54,1.4331,22.15亿,13.27亿,1002096998,False
55,000899,赣能股份,SZ,10.78,-1.19,-21.23,10.36,10.78,A股,-0.130,11.00,10.66,0.71,1.80,694.58万,7499.36万,13.02,1.7238,105.18亿,105.18亿,1000000670,False
56,003005,竞业达,SZ,14.03,1.08,-21.23,-370.85,14.03,A股,0.150,14.19,13.81,1.53,0.84,194.53万,2733.88万,-21.05,1.8190,32.46亿,17.82亿,1001893694,False
57,300399,天利科技,SZ,17.83,1.13,-21.25,-258.01,17.83,A股,0.200,17.97,17.57,0.81,1.67,159.35万,2841.01万,471.35,7.1055,35.23亿,35.23亿,1000010611,False
58,301052,果麦文化,SZ,24.80,-0.80,-21.39,-294.27,24.80,A股,-0.200,25.15,24.05,2.85,1.96,228.95万,5663.23万,-30.16,3.7622,24.54亿,19.90亿,1002296935,False
59,688501,青达环保,SH,13.45,0.07,-21.41,17.39,13.45,A股,0.010,13.50,13.29,0.35,0.90,60.70万,813.93万,20.69,2.0976,23.39亿,23.39亿,1002282172,False
60,920242,建邦科技,BJ,14.08,0.57,-21.52,15.68,14.08,A股,0.080,14.20,14.00,0.15,0.81,8.03万,113.50万,18.72,1.9806,13.27亿,7.42亿,1000634217,False
61,001368,通达创智,SZ,22.12,0.41,-21.56,24.44,22.12,A股,0.090,22.43,21.82,0.50,1.80,53.77万,1191.48万,19.38,1.7879,25.02亿,23.91亿,1002834482,False
62,002880,卫光生物,SZ,20.83,0.53,-21.58,20.25,20.83,A股,0.110,21.05,20.61,0.29,0.83,65.41万,1366.12万,38.16,1.9720,47.29亿,47.29亿,1000576793,False
63,300554,三超新材,SZ,20.97,1.30,-21.58,-15.29,20.97,A股,0.270,21.06,20.58,1.11,1.03,87.47万,1829.57万,-156.64,4.8370,23.95亿,16.59亿,1000614641,False
64,002023,海特高新,SZ,10.46,1.36,-21.59,-14.68,10.46,A股,0.140,10.51,10.20,0.92,1.06,672.94万,6998.71万,75.95,2.0820,77.49亿,76.79亿,1000002019,False
65,600992,贵绳股份,SH,10.02,0.40,-21.60,-835.40,10.02,A股,0.040,10.23,9.90,1.51,1.53,370.99万,3728.09万,-11.25,1.7198,24.58亿,24.58亿,1000002351,False
66,300690,双一科技,SZ,21.80,1.40,-21.63,23.92,21.80,A股,0.300,21.85,21.41,0.89,1.42,98.99万,2147.37万,42.40,2.3165,36.05亿,24.32亿,1000614648,False
67,000551,创元科技,SZ,13.74,1.63,-21.65,19.61,13.74,A股,0.220,13.75,13.52,0.98,0.95,473.97万,6479.24万,13.41,2.2083,66.60亿,66.58亿,1000002315,False
68,600026,中远海能,SH,16.56,1.60,-21.66,16.47,16.56,A股,0.260,16.83,16.31,0.68,1.60,2616.95万,4.35亿,10.42,1.9637,906.03亿,633.92亿,1000002336,False
69,301372,科净源,SZ,30.86,0.10,-21.68,-48.98,30.86,A股,0.030,31.08,30.53,0.60,0.90,24.60万,760.79万,92.20,2.8553,21.16亿,12.71亿,1000139272,False
70,301519,舜禹股份,SZ,11.96,1.01,-21.70,-75.76,11.96,A股,0.120,12.03,11.83,1.24,1.35,94.00万,1122.85万,-32.12,1.4216,19.33亿,9.10亿,1002678799,False
71,300504,天邑股份,SZ,14.77,1.44,-21.77,-69.54,14.77,A股,0.210,14.83,14.42,0.97,1.35,211.20万,3103.15万,43.72,1.9100,40.03亿,32.24亿,1000376812,False
72,600730,*ST高科,SH,10.56,3.73,-21.78,-48.14,10.56,A股,0.380,10.78,10.10,1.44,2.36,844.22万,8846.67万,-803.74,3.6935,61.95亿,61.95亿,1000002137,False
73,301491,汉桑科技,SZ,39.93,-1.84,-21.82,23.95,39.93,A股,-0.750,40.68,39.90,1.08,1.61,41.19万,1653.53万,44.17,2.3909,51.51亿,15.27亿,1003525791,False
74,688733,壹石通,SH,29.05,2.04,-21.83,-1183.89,29.05,A股,0.580,29.10,28.30,0.58,0.91,115.51万,3333.18万,3460.20,2.7997,58.03亿,58.03亿,1002271396,False
75,300436,广生堂,SZ,98.55,-2.04,-21.87,-72.91,98.55,A股,-2.050,101.60,98.00,2.30,1.58,313.94万,3.12亿,-151.36,62.3835,156.96亿,134.74亿,1000304607,False
76,002623,亚玛顿,SZ,16.93,0.18,-21.89,-21.58,16.93,A股,0.030,17.12,16.75,0.66,1.01,127.70万,2165.66万,-21.08,1.2290,32.69亿,32.61亿,1000010248,False
77,603080,新疆火炬,SH,18.83,-0.63,-21.94,12.66,18.83,A股,-0.120,19.11,18.82,0.23,1.04,33.06万,625.34万,14.77,1.7178,26.64亿,26.64亿,1000818967,False
78,600536,中国软件,SH,32.08,0.09,-21.95,-868.17,32.08,A股,0.030,32.55,31.80,0.65,1.00,547.16万,1.76亿,-101.59,8.5213,299.56亿,270.64亿,1000000640,False
79,920187,通领科技,BJ,19.20,-1.18,-21.96,13.71,19.20,A股,-0.230,19.42,19.11,0.96,1.62,31.98万,615.02万,16.46,1.3968,17.37亿,6.37亿,1000734402,False
80,301320,豪江智能,SZ,13.10,0.31,-21.98,-612.77,13.10,A股,0.040,13.19,12.95,0.31,0.79,35.02万,458.85万,288.47,2.2815,23.84亿,14.96亿,1002667417,False
81,688607,康众医疗,SH,48.62,2.14,-21.98,-218.72,48.62,A股,1.020,48.84,47.17,0.63,0.60,50.26万,2430.78万,-66.10,5.1041,42.85亿,38.57亿,1002241414,False
82,688616,西力科技,SH,10.81,0.65,-21.99,19.08,10.81,A股,0.070,10.88,10.52,0.41,1.62,73.33万,790.45万,25.99,2.2600,19.39亿,19.39亿,1001002434,False
83,688595,芯海科技,SH,29.18,1.85,-22.00,-34.93,29.18,A股,0.530,29.36,28.51,0.71,1.11,101.88万,2960.30万,-26.96,6.4959,42.05亿,42.05亿,1002199814,False
84,300971,博亚精工,SZ,19.12,0.53,-22.01,23.93,19.12,A股,0.100,19.27,19.02,0.68,1.28,63.18万,1211.00万,46.04,2.1343,22.49亿,17.64亿,1002304096,False
85,603659,璞泰来,SH,24.50,1.20,-22.02,20.40,24.50,A股,0.290,24.72,24.13,0.43,1.32,920.20万,2.25亿,18.65,2.5019,525.33亿,525.33亿,1000730078,False
86,603042,华脉科技,SH,13.54,2.89,-22.03,-50.67,13.54,A股,0.380,13.58,13.11,1.40,1.14,292.32万,3909.99万,-322.47,3.3992,28.27亿,28.27亿,1000576715,False
87,603103,横店影视,SH,15.94,1.40,-22.05,-70.45,15.94,A股,0.220,16.20,15.72,0.94,3.43,597.03万,9557.50万,62.99,7.9087,101.09亿,101.09亿,1000734406,False
88,688590,新致软件,SH,13.99,2.72,-22.06,-30.96,13.99,A股,0.370,14.25,13.66,2.08,2.55,586.02万,8199.38万,630.05,2.4549,43.77亿,39.38亿,1000576775,False
89,603711,香飘飘,SH,11.84,-0.67,-22.08,23.57,11.84,A股,-0.080,12.05,11.78,1.56,2.69,643.50万,7655.29万,13.09,1.3764,48.88亿,48.88亿,1000576724,False
90,688638,誉辰智能,SH,33.32,0.85,-22.09,-12.37,33.32,A股,0.280,33.46,32.80,0.61,1.23,16.13万,534.27万,-10.20,2.4419,18.66亿,8.82亿,1003135041,False
91,920099,瑞华技术,BJ,19.38,-0.62,-22.11,23.29,19.38,A股,-0.120,19.49,19.04,0.30,0.88,17.34万,335.67万,-37.72,2.0333,18.23亿,11.28亿,1003934754,False
92,603722,阿科力,SH,31.60,0.32,-22.13,-71.20,31.60,A股,0.100,31.75,31.02,0.38,0.92,36.58万,1150.21万,-59.41,3.4812,30.88亿,30.24亿,1000625534,False
93,688695,中创股份,SH,19.70,0.36,-22.13,-46.21,19.70,A股,0.070,19.97,19.53,0.93,1.31,49.65万,981.57万,-40.53,2.2005,16.76亿,10.52亿,1003135027,False
94,688619,罗普特,SH,14.98,1.63,-22.14,-13.06,14.98,A股,0.240,15.26,14.74,0.85,1.74,156.89万,2352.42万,-69.44,4.2242,27.78亿,27.78亿,1002242293,False
95,002683,广东宏大,SZ,29.35,4.19,-22.15,23.06,29.35,A股,1.180,29.80,27.79,1.23,3.26,817.80万,2.38亿,53.88,3.3348,223.03亿,195.64亿,1000009191,False
96,301049,超越科技,SZ,19.62,0.10,-22.17,-14.23,19.62,A股,0.020,19.89,19.52,0.77,1.16,32.77万,646.12万,-26.04,3.5073,18.49亿,8.40亿,1002304098,False
97,301006,迈拓股份,SZ,13.64,0.22,-22.19,21.69,13.64,A股,0.030,13.71,13.57,0.40,0.78,33.92万,462.71万,141.80,1.4717,19.00亿,11.43亿,1001898915,False
98,688670,金迪克,SH,15.79,1.28,-22.22,-10.61,15.79,A股,0.200,15.95,15.31,0.52,1.72,64.52万,1019.75万,-21.72,1.8067,19.45亿,19.45亿,1002422302,False
99,000997,新 大 陆,SZ,18.15,-0.17,-22.24,18.74,18.15,A股,-0.030,18.37,18.03,0.44,0.81,440.10万,8025.03万,16.35,2.5230,183.88亿,182.85亿,1000002468,False
100,688420,美腾科技,SH,22.11,0.55,-22.28,-427.66,22.11,A股,0.120,22.28,21.56,0.21,1.52,18.73万,414.31万,126.29,1.3703,19.55亿,19.55亿,1002561050,False
101,300457,赢合科技,SZ,21.75,7.09,-22.32,23.99,21.75,A股,1.440,21.97,20.25,2.45,6.54,1555.09万,3.33亿,56.68,2.0551,140.33亿,138.08亿,1000326769,False
102,688562,航天软件,SH,14.57,0.34,-22.33,-228.63,14.57,A股,0.050,14.69,14.47,0.19,0.85,76.37万,1115.27万,-24.82,3.4962,58.28亿,58.28亿,1003101751,False
103,920239,长虹能源,BJ,22.31,0.00,-22.34,15.76,22.31,A股,0.000,22.49,22.09,0.12,0.85,22.11万,492.24万,15.37,3.7683,40.62亿,40.13亿,1000598982,False
104,002657,中科金财,SZ,16.02,1.07,-22.35,-32.47,16.02,A股,0.170,16.19,15.70,1.27,1.10,426.60万,6832.89万,-19.02,3.4146,54.48亿,53.85亿,1000009281,False
105,300879,大叶股份,SZ,17.58,0.29,-22.35,-16.46,17.58,A股,0.050,17.67,17.42,0.47,0.73,95.38万,1674.23万,37.98,2.8803,35.58亿,35.34亿,1001893695,False
106,688429,时创能源,SH,10.97,0.46,-22.36,-16.06,10.97,A股,0.050,11.17,10.90,0.17,0.96,68.05万,748.42万,-10.33,3.4031,43.88亿,43.88亿,1003130535,False
107,920418,苏轴股份,BJ,19.43,-0.87,-22.44,21.65,19.43,A股,-0.170,19.59,19.23,0.30,1.00,46.41万,901.29万,26.31,3.5300,31.57亿,30.49亿,1000269547,False
108,688015,交控科技,SH,16.02,0.56,-22.44,19.49,16.02,A股,0.090,16.28,15.90,0.46,2.66,86.51万,1394.42万,46.28,1.1599,30.23亿,30.23亿,1001811008,False
109,002545,东方铁塔,SZ,18.24,0.16,-22.46,16.18,18.24,A股,0.030,18.59,17.98,0.72,1.28,815.70万,1.49亿,14.12,2.3055,226.92亿,206.14亿,1000008221,False
110,300383,光环新网,SZ,13.45,0.90,-22.46,-30.00,13.45,A股,0.120,13.64,13.38,1.44,1.26,2586.43万,3.49亿,269.06,2.0436,241.78亿,241.33亿,1000012440,False
111,300446,航天智造,SZ,14.02,1.08,-22.48,14.24,14.02,A股,0.150,14.08,13.88,0.64,1.27,239.62万,3356.41万,21.56,2.0508,118.53亿,52.37亿,1000325852,False
112,300389,艾比森,SZ,12.38,0.00,-22.48,17.94,12.38,A股,0.000,12.44,12.31,0.67,0.95,146.77万,1815.48万,29.09,2.7199,45.69亿,27.17亿,1000011662,False
113,603010,万盛股份,SH,11.27,0.18,-22.49,-6.90,11.27,A股,0.020,11.35,11.17,0.31,0.72,174.64万,1969.81万,117.31,2.5507,65.93亿,64.33亿,1000303915,False
114,603612,索通发展,SH,17.05,0.53,-22.51,11.99,17.05,A股,0.090,17.20,16.90,0.57,1.02,286.23万,4884.26万,10.29,1.4520,84.93亿,84.93亿,1000310536,False
115,301173,毓恬冠佳,SZ,31.47,0.22,-22.51,16.18,31.47,A股,0.070,31.58,31.03,0.53,0.84,16.39万,515.29万,38.37,1.8227,27.64亿,9.70亿,1003516205,False
116,001366,播恩集团,SZ,12.01,0.08,-22.52,-350.43,12.01,A股,0.010,12.07,11.86,0.76,1.74,122.44万,1469.46万,52.73,2.3980,19.30亿,19.30亿,1002686440,False
117,301237,和顺科技,SZ,56.07,1.03,-22.60,-28.10,56.07,A股,0.570,56.31,55.01,0.81,1.01,47.25万,2628.24万,287.94,3.8770,44.86亿,32.66亿,1000828324,False
118,603093,南华期货,SH,12.44,2.13,-22.63,21.34,12.45,A股,0.260,13.00,12.27,1.31,4.25,1158.12万,1.45亿,15.77,2.2625,129.15亿,109.73亿,1000576780,False
119,601877,正泰电器,SH,25.35,0.20,-22.64,11.83,25.35,A股,0.050,25.45,25.17,0.15,0.89,331.60万,8387.39万,10.75,1.2320,544.76亿,544.76亿,1000008119,False
120,002917,金奥博,SZ,10.56,-0.38,-22.64,20.71,10.56,A股,-0.040,10.67,10.55,0.45,0.78,117.20万,1241.67万,23.92,2.1635,36.71亿,27.51亿,1000868288,False
121,300992,泰福泵业,SZ,24.68,0.28,-22.66,-191.61,24.68,A股,0.070,25.03,24.18,0.77,1.12,60.29万,1490.03万,-64.95,2.7445,23.52亿,19.25亿,1002298470,False
122,002229,鸿博股份,SZ,12.91,9.97,-22.69,-24.44,12.91,A股,1.170,12.91,12.80,4.95,2.38,2443.24万,3.15亿,-50.53,5.9829,64.06亿,63.67亿,1000007545,False
123,301368,丰立智能,SZ,43.66,-0.09,-22.71,-181.83,43.66,A股,-0.040,43.86,43.05,0.68,1.29,81.13万,3532.73万,4997.54,5.5629,52.44亿,52.44亿,1002687846,False
124,300542,新晨科技,SZ,12.30,0.16,-22.74,-150.20,12.30,A股,0.020,12.42,12.21,0.50,0.95,124.47万,1533.64万,-52.87,6.8861,36.72亿,30.45亿,1000320083,False
125,605122,四方新材,SH,11.27,-1.14,-22.76,-6.40,11.27,A股,-0.130,11.45,11.20,0.61,1.89,105.73万,1195.15万,72.92,1.1174,19.42亿,19.42亿,1001893709,False
126,688058,宝兰德,SH,23.32,1.17,-22.78,-22.36,23.32,A股,0.270,23.56,22.70,0.56,1.35,42.34万,985.21万,-12.82,2.8699,17.69亿,17.69亿,1000705516,False
127,300644,南京聚隆,SZ,21.85,0.55,-22.83,18.93,21.85,A股,0.120,21.93,21.55,0.55,1.12,48.14万,1049.51万,23.42,2.2934,24.18亿,19.27亿,1001002449,False
128,000786,北新建材,SZ,18.46,-0.11,-22.83,10.96,18.46,A股,-0.020,18.55,18.25,0.33,1.04,565.21万,1.04亿,9.77,1.1737,314.23亿,311.88亿,1000000508,False
129,002878,元隆雅图,SZ,12.88,1.34,-22.92,-90.95,12.88,A股,0.170,13.08,12.63,1.35,2.10,318.05万,4098.99万,-279.06,2.7001,33.74亿,30.38亿,1000489012,False
130,300648,星云股份,SZ,40.48,1.58,-22.94,-30.40,40.48,A股,0.630,40.64,40.00,0.49,0.89,64.41万,2602.34万,-109.95,6.0797,70.55亿,53.71亿,1000602807,False
131,600446,金证股份,SH,11.09,-0.36,-23.04,-85.48,11.09,A股,-0.040,11.25,11.01,0.63,0.81,596.01万,6643.56万,-53.31,2.9516,104.39亿,104.39亿,1000001753,False
132,300328,宜安科技,SZ,14.85,2.91,-23.06,-333.81,14.85,A股,0.420,14.99,14.35,2.78,2.29,1909.47万,2.82亿,-133.65,9.9677,102.53亿,102.03亿,1000010259,False
133,002921,联诚精密,SZ,22.37,0.77,-23.10,-436.00,22.37,A股,0.170,22.49,21.83,1.39,1.09,178.67万,3972.16万,-877.79,2.5411,33.32亿,28.73亿,1000734414,False
134,688359,三孚新科,SH,104.56,0.35,-23.12,-216.45,104.56,A股,0.360,106.49,102.18,1.42,0.78,139.80万,1.46亿,463.47,14.1550,103.25亿,103.25亿,1002348354,False
135,300443,金雷股份,SZ,20.98,0.19,-23.12,20.56,20.98,A股,0.040,21.11,20.72,0.77,1.60,187.63万,3921.31万,24.63,1.0616,67.16亿,50.93亿,1000305977,False
136,001323,慕思股份,SZ,17.05,-0.70,-23.23,14.66,17.05,A股,-0.120,17.19,16.99,0.27,0.99,84.11万,1435.47万,20.98,1.7783,74.18亿,53.07亿,1002676033,False
137,688080,映翰通,SH,36.75,0.85,-23.23,19.90,36.75,A股,0.310,36.76,36.13,0.40,0.87,29.40万,1072.85万,72.82,2.3183,27.07亿,27.07亿,1001807811,False
138,920124,南特科技,BJ,12.79,0.71,-23.33,21.34,12.79,A股,0.090,12.86,12.66,0.41,1.23,31.49万,402.98万,19.35,1.7985,19.02亿,9.79亿,1004013952,False
139,002949,华阳国际,SZ,10.62,0.09,-23.35,22.47,10.62,A股,0.010,10.76,10.56,0.72,1.63,110.08万,1171.87万,116.43,1.4556,20.80亿,16.12亿,1001217012,False
140,300899,上海凯鑫,SZ,29.08,1.68,-23.36,-709.21,29.08,A股,0.480,29.43,28.42,0.74,2.04,30.12万,875.75万,-41.15,3.0282,18.55亿,11.90亿,1001030452,False
141,300229,拓尔思,SZ,14.99,0.13,-23.44,-37.61,14.99,A股,0.020,15.27,14.77,1.67,1.32,1453.69万,2.19亿,-42.29,3.4748,130.96亿,130.87亿,1000006972,False
142,920152,昆工科技,BJ,13.58,0.37,-23.49,-6.92,13.58,A股,0.050,13.69,13.41,0.21,0.79,17.13万,231.81万,-14.51,8.4099,15.12亿,11.15亿,1000362974,False
143,300437,清水源,SZ,11.35,1.52,-23.52,-167.92,11.35,A股,0.170,11.43,11.17,1.36,1.55,236.51万,2681.71万,-790.74,2.0128,27.83亿,19.72亿,1000305479,False
144,920001,纬达光电,BJ,11.85,0.77,-23.55,-58.30,11.85,A股,0.090,11.89,11.74,0.23,0.63,20.97万,248.14万,-82.41,2.5676,18.21亿,10.67亿,1001408267,False
145,688680,海优新材,SH,36.20,1.60,-23.61,-7.46,36.20,A股,0.570,36.37,35.25,0.72,2.19,70.55万,2536.29万,-23.19,2.1654,35.32亿,35.32亿,1002243438,False
146,300578,会畅科技,SZ,16.65,0.85,-23.69,-101.79,16.65,A股,0.140,16.78,16.40,0.57,1.02,112.91万,1878.84万,-68.98,2.8632,33.01亿,33.00亿,1000402165,False
147,300778,新城市,SZ,10.94,1.48,-23.71,-43.12,10.94,A股,0.160,11.00,10.67,0.71,1.66,144.70万,1580.14万,-32.73,1.8542,22.28亿,22.27亿,1001117734,False
148,300919,中伟新材,SZ,41.90,1.58,-23.77,24.11,41.90,A股,0.650,42.28,41.13,0.58,1.73,528.12万,2.21亿,19.70,1.8676,437.63亿,383.26亿,1002229251,False
149,300872,天阳科技,SZ,16.00,1.07,-23.77,-50.00,16.00,A股,0.170,16.36,15.74,1.37,1.64,578.58万,9305.39万,258.93,2.1032,78.10亿,67.53亿,1001899045,False
150,920892,广咨国际,BJ,10.37,0.19,-23.79,16.31,10.37,A股,0.020,10.48,10.35,0.12,1.21,18.03万,188.09万,60.14,5.1275,17.67亿,15.64亿,1000619541,False
151,603202,天有为,SH,53.34,-0.49,-23.85,10.56,53.34,A股,-0.260,53.68,53.13,0.93,1.74,46.55万,2484.20万,16.81,1.2864,85.34亿,26.78亿,1003525760,False
152,301567,贝隆精密,SZ,36.23,1.48,-23.85,-226.78,36.23,A股,0.530,36.65,35.70,3.30,2.48,70.00万,2537.72万,159.22,3.5898,26.09亿,7.70亿,1002673296,False
153,601609,金田股份,SH,10.20,0.20,-23.88,22.84,10.20,A股,0.020,10.32,10.15,0.42,1.10,719.66万,7373.57万,25.89,1.7837,176.32亿,176.32亿,1001586259,False
154,301032,新柴股份,SZ,10.11,0.20,-23.89,21.72,10.11,A股,0.020,10.19,10.03,0.66,1.28,105.95万,1071.95万,30.11,1.9612,24.38亿,16.16亿,1002318816,False
155,301037,保立佳,SZ,13.22,0.76,-23.98,-25.86,13.22,A股,0.100,13.36,13.01,0.90,0.98,61.46万,812.91万,-17.67,3.3695,18.38亿,8.99亿,1002296939,False
156,920018,宏远股份,BJ,16.30,0.49,-24.01,24.88,16.30,A股,0.080,16.50,16.15,1.17,0.98,67.53万,1105.18万,23.87,2.9287,26.98亿,9.37亿,1003135117,False
157,603887,城地香江,SH,11.35,9.98,-24.03,-69.23,11.35,A股,1.030,11.35,11.35,1.00,1.07,602.68万,6840.38万,-127.36,1.9614,68.33亿,68.33亿,1000310527,False
158,300810,中科海讯,SZ,24.68,0.61,-24.05,-88.57,24.68,A股,0.150,24.82,24.35,0.34,0.90,38.79万,956.86万,-51.99,3.7925,29.13亿,28.14亿,1000975307,False
159,920121,江天科技,BJ,28.20,0.25,-24.12,16.39,28.20,A股,0.070,28.39,28.00,0.07,0.18,8469,23.89万,15.58,2.3947,18.63亿,3.36亿,1003974654,False
160,300815,玉禾田,SZ,16.62,0.85,-24.14,11.81,16.62,A股,0.140,16.68,16.40,0.40,0.97,157.67万,2607.68万,10.08,1.4514,66.25亿,64.88亿,1001592018,False
161,688788,科思科技,SH,30.84,1.02,-24.15,-22.11,30.84,A股,0.310,30.97,30.26,0.33,0.79,71.52万,2199.57万,-23.25,3.8395,67.51亿,67.51亿,1002237490,False
162,000032,深桑达Ａ,SZ,14.87,1.09,-24.16,-103.01,14.87,A股,0.160,15.01,14.50,1.33,1.48,1617.48万,2.40亿,-54.82,2.4564,180.70亿,180.70亿,1000000214,False
163,688132,邦彦技术,SH,13.59,1.49,-24.21,-9.08,13.59,A股,0.200,13.63,13.32,0.32,1.45,48.90万,661.28万,-11.92,1.7512,20.69亿,20.69亿,1001835491,False
164,688416,恒烁股份,SH,73.02,1.73,-24.23,-321.54,73.02,A股,1.240,73.62,71.10,1.62,1.12,174.28万,1.26亿,40.54,5.9088,78.86亿,78.86亿,1002814372,False
165,688272,富吉瑞,SH,30.10,1.59,-24.24,-26.88,30.10,A股,0.470,30.32,29.52,0.57,1.09,43.11万,1291.54万,-42.54,5.7397,22.88亿,22.88亿,1002377488,False
166,301061,匠心家居,SZ,35.79,-0.94,-24.26,12.27,35.79,A股,-0.340,36.26,35.63,0.34,0.70,64.02万,2298.34万,15.29,2.3943,101.79亿,67.62亿,1002299868,False
167,603799,华友钴业,SH,43.59,-0.07,-24.32,11.22,43.59,A股,-0.030,44.38,43.19,1.96,1.26,3690.52万,16.13亿,8.26,1.6654,825.39亿,822.81亿,1000412125,False
168,301096,百诚医药,SZ,47.10,0.56,-24.33,-100.01,47.10,A股,0.260,48.84,46.40,2.18,2.16,181.01万,8597.36万,100.28,2.0542,51.39亿,39.09亿,1002447008,False
169,688100,威胜信息,SH,29.84,0.03,-24.36,21.73,29.84,A股,0.010,30.19,29.66,0.29,1.70,142.28万,4252.98万,24.74,4.1451,146.72亿,145.46亿,1001819857,False
170,688156,路德科技,SH,21.13,0.96,-24.40,-35.29,21.13,A股,0.200,21.24,20.80,0.78,1.23,78.74万,1655.39万,48.17,2.7508,21.28亿,21.28亿,1002027696,False
171,688450,光格科技,SH,35.16,2.42,-24.44,-40.32,35.16,A股,0.830,35.36,34.01,1.53,1.36,74.83万,2610.76万,-128.31,2.4805,23.21亿,17.20亿,1003136496,False
172,301358,湖南裕能,SZ,68.35,2.57,-24.45,22.82,68.35,A股,1.710,68.63,66.50,1.22,1.99,928.73万,6.28亿,10.68,3.0804,579.42亿,522.42亿,1002795039,False
173,301589,诺瓦星云,SZ,141.66,0.11,-24.49,22.55,141.66,A股,0.160,143.32,141.07,0.43,0.77,14.75万,2099.17万,34.35,3.4927,130.96亿,48.82亿,1002890313,False
174,605099,共创草坪,SH,33.12,-0.99,-24.57,18.72,33.12,A股,-0.330,33.91,33.01,0.12,1.37,48.49万,1613.84万,16.61,4.4422,133.36亿,133.07亿,1001855449,False
175,002318,久立特材,SZ,19.78,0.05,-24.58,12.75,19.78,A股,0.010,19.90,19.70,0.25,0.90,242.42万,4802.66万,12.24,2.3723,193.19亿,188.61亿,1000008246,False
176,002205,国统股份,SZ,10.70,-1.11,-24.70,-21.40,10.70,A股,-0.120,10.88,10.68,0.63,1.71,116.54万,1251.86万,-14.54,7.7505,19.89亿,19.89亿,1000005004,False
177,300793,佳禾智能,SZ,11.21,-0.44,-24.71,-23.81,11.21,A股,-0.050,11.34,11.20,0.40,1.01,149.36万,1681.79万,-123.04,1.5271,42.66亿,41.71亿,1001429364,False
178,688560,明冠新材,SH,12.33,1.07,-24.73,-18.46,12.33,A股,0.130,12.35,12.14,0.42,0.95,85.45万,1046.44万,-38.56,0.9674,24.82亿,24.82亿,1001654603,False
179,300552,万集科技,SZ,22.34,-2.19,-24.78,-30.54,22.34,A股,-0.500,22.39,21.88,3.88,1.17,524.67万,1.16亿,-45.67,2.7428,47.61亿,30.18亿,1000309218,False
180,600389,江山股份,SH,19.74,-1.00,-24.81,15.19,19.74,A股,-0.200,20.08,19.66,0.95,1.26,409.32万,8133.19万,11.63,2.0551,85.01亿,85.01亿,1000001101,False
181,603712,七一二,SH,12.09,0.08,-24.81,-18.54,12.09,A股,0.010,12.18,12.02,0.35,1.03,271.18万,3279.62万,-35.79,2.4403,93.33亿,93.33亿,1000868275,False
182,688418,震有科技,SH,37.73,-0.89,-24.83,-64.13,37.73,A股,-0.340,39.00,37.55,0.91,1.35,174.90万,6656.33万,-40.45,8.8945,72.65亿,72.65亿,1001042704,False
183,300807,天迈科技,SZ,38.03,-0.03,-24.83,-72.35,38.03,A股,-0.010,38.33,37.51,0.50,0.76,25.87万,985.24万,-74.08,5.7681,25.88亿,19.75亿,1000898734,False
184,603062,麦加芯彩,SH,39.13,0.64,-24.88,24.84,39.13,A股,0.250,39.20,38.76,0.26,1.20,9.66万,376.82万,104.95,2.1196,42.26亿,14.51亿,1003258445,False
185,001306,夏厦精密,SZ,55.63,2.62,-24.92,-67.79,55.63,A股,1.420,55.93,53.79,2.64,2.14,40.92万,2249.45万,-39.69,2.7198,35.01亿,8.62亿,1002986350,False
186,603936,博敏电子,SH,15.52,2.11,-24.92,-317.26,15.52,A股,0.320,15.55,15.14,2.73,1.24,1719.02万,2.64亿,-230.69,2.2791,100.16亿,97.84亿,1000314046,False
187,301577,美信科技,SZ,56.84,3.87,-24.92,-102.99,56.84,A股,2.120,57.66,54.38,5.27,2.45,99.29万,5604.98万,-49.61,3.4784,25.59亿,10.71亿,1002894519,False
188,300274,阳光电源,SZ,118.15,-1.60,-24.93,20.54,118.15,A股,-1.920,122.06,116.04,1.89,1.71,3002.20万,35.23亿,26.73,5.1852,2449.50亿,1875.66亿,1000008290,False
189,301327,华宝新能,SZ,45.79,1.13,-24.93,-148.55,45.79,A股,0.510,45.85,44.91,0.24,1.41,42.38万,1931.62万,140.92,1.3106,79.85亿,79.85亿,1002678785,False
190,920188,悦龙科技,BJ,22.33,-3.12,-24.94,18.99,22.33,A股,-0.720,22.44,21.42,5.85,6.71,115.84万,2540.48万,16.81,2.3258,18.53亿,4.42亿,1004170534,False
191,002857,三晖电气,SZ,16.78,1.27,-24.96,-41.99,16.78,A股,0.210,16.85,16.42,0.49,1.16,62.77万,1046.51万,-22.18,4.6998,21.92亿,21.58亿,1000385961,False
192,920145,恒合股份,BJ,10.30,1.18,-24.98,-68.45,10.30,A股,0.120,10.35,10.15,0.45,1.66,22.09万,225.92万,-52.02,2.8185,7.27亿,5.03亿,1000392570,False
193,600088,中视传媒,SH,11.92,0.42,-24.99,-576.29,11.92,A股,0.050,12.02,11.80,0.45,1.68,178.46万,2131.53万,1751.07,3.8046,47.41亿,47.41亿,1000002247,False
194,920022,世昌股份,BJ,19.53,-0.46,-25.03,17.74,19.53,A股,-0.090,19.74,19.43,0.31,1.23,5.22万,102.00万,18.04,2.8802,11.78亿,3.24亿,1003861500,False
195,300220,金运激光,SZ,10.89,1.21,-25.05,-419.18,10.89,A股,0.130,11.02,10.78,0.92,2.30,139.01万,1514.90万,-154.51,27.1592,16.47亿,16.45亿,1000008743,False
196,688759,必贝特-U,SH,26.82,0.15,-25.08,-70.53,26.82,A股,0.040,27.39,26.41,4.01,1.61,288.64万,7763.41万,-57.01,7.3916,120.25亿,19.24亿,1003135031,False
197,603069,海汽集团,SH,13.40,0.75,-25.10,-68.15,13.40,A股,0.100,13.55,13.26,0.35,1.37,109.98万,1476.37万,-50.83,5.4806,42.34亿,42.34亿,1000303902,False
198,300762,上海瀚讯,SZ,31.29,0.58,-25.11,-113.45,31.29,A股,0.180,31.48,30.82,1.31,1.13,820.87万,2.56亿,-115.06,6.7575,203.50亿,196.49亿,1001126735,False
199,688060,云涌科技,SH,34.60,1.17,-25.11,-131.06,34.60,A股,0.400,34.95,34.19,0.28,1.46,16.65万,577.07万,-52.09,2.3484,20.83亿,20.83亿,1000740019,False
200,002819,东方中科,SZ,20.89,2.75,-25.14,-42.51,20.89,A股,0.560,21.00,20.30,0.65,3.33,154.66万,3204.54万,-43.65,1.5994,62.59亿,49.66亿,1000310514,False
