序号,代码,名称,市场代码简称,最新价(元) 10:29,涨跌幅(%) 10:29,市盈率(TTM)(倍) 2026.08.12,市净率(倍) 2026.08.12,区间涨跌幅(%) 2026.05.20 - 2026.08.12,收盘价(日线不复权)(元) 10:29,证券类型,涨跌额(元) 10:29,最高价(元) 10:29,最低价(元) 10:29,换手率(%) 10:29,量比 10:29,成交量(股) 10:29,成交额(元) 10:29,市盈率(动)(倍) 2026.08.12,总市值(元) 2026.08.12,流通市值(元) 2026.08.12,CHOICE_INNER_CODE,IN_OPTIONAL
1,603612,索通发展,SH,17.07,0.65,12.00,1.4537,-22.41,17.07,A股,0.110,17.20,16.90,0.57,1.02,286.29万,4885.29万,10.30,85.03亿,85.03亿,1000310536,False
2,920195,三祥科技,BJ,12.49,0.97,11.97,1.4916,-19.78,12.49,A股,0.120,12.52,12.34,0.27,1.25,19.32万,240.82万,21.68,12.24亿,8.84亿,1000365986,False
3,601877,正泰电器,SH,25.35,0.20,11.83,1.2320,-22.64,25.35,A股,0.050,25.45,25.17,0.16,0.90,333.91万,8445.95万,10.75,544.76亿,544.76亿,1000008119,False
4,300815,玉禾田,SZ,16.64,0.97,11.82,1.4531,-24.05,16.64,A股,0.160,16.68,16.40,0.40,0.96,157.90万,2611.51万,10.10,66.33亿,64.96亿,1001592018,False
5,002140,东华科技,SZ,9.00,-0.33,11.79,1.3064,-15.76,9.00,A股,-0.030,9.07,8.96,0.27,1.05,190.74万,1720.29万,12.85,63.72亿,63.63亿,1000007256,False
6,600104,上汽集团,SH,10.26,-0.39,11.67,0.3965,-16.82,10.26,A股,-0.040,10.35,10.23,0.12,1.04,1365.40万,1.40亿,9.74,1179.42亿,1179.42亿,1000002328,False
7,603357,设计总院,SH,6.04,0.00,11.28,0.8641,-15.75,6.04,A股,0.000,6.13,6.03,0.21,1.29,117.87万,715.55万,42.49,33.86亿,33.86亿,1000576777,False
8,600578,京能电力,SH,5.95,-2.78,11.23,1.6544,-25.76,5.95,A股,-0.170,6.23,5.87,1.63,2.94,1.09亿,6.56亿,9.04,398.33亿,398.33亿,1000008877,False
9,603799,华友钴业,SH,43.61,-0.02,11.23,1.6662,-24.29,43.61,A股,-0.010,44.38,43.19,1.96,1.26,3694.84万,16.15亿,8.27,825.77亿,823.19亿,1000412125,False
10,000786,北新建材,SZ,18.46,-0.11,10.96,1.1737,-22.83,18.46,A股,-0.020,18.55,18.25,0.34,1.04,566.64万,1.04亿,9.77,314.23亿,311.88亿,1000000508,False
11,603833,欧派家居,SH,32.11,-0.53,10.60,1.1013,-20.49,32.11,A股,-0.170,32.43,31.90,0.23,0.83,139.47万,4483.10万,31.57,195.48亿,195.48亿,1000376804,False
12,601898,中煤能源,SH,14.20,-0.98,10.60,1.1479,-17.68,14.20,A股,-0.140,14.38,14.11,0.13,0.84,1200.31万,1.71亿,12.24,1882.73亿,1299.58亿,1000007290,False
13,603202,天有为,SH,53.35,-0.47,10.56,1.2867,-23.83,53.35,A股,-0.250,53.68,53.13,0.93,1.74,46.57万,2485.27万,16.81,85.36亿,26.79亿,1003525760,False
14,603613,国联股份,SH,19.29,0.52,10.48,1.4827,-27.94,19.29,A股,0.100,19.46,19.06,0.42,1.17,302.34万,5839.52万,12.68,138.99亿,138.99亿,1001117723,False
15,600780,通宝能源,SH,5.95,-0.50,10.46,0.8157,-18.15,5.95,A股,-0.030,5.99,5.91,0.29,1.43,337.37万,2006.27万,9.91,68.22亿,68.22亿,1000002096,False
16,002011,盾安环境,SZ,10.25,-0.19,10.42,1.6396,-19.59,10.25,A股,-0.020,10.35,10.20,0.18,0.77,192.60万,1973.30万,14.04,110.13亿,108.81亿,1000001951,False
17,000899,赣能股份,SZ,10.78,-1.19,10.36,1.7238,-21.23,10.78,A股,-0.130,11.00,10.66,0.71,1.81,695.18万,7505.83万,13.02,105.18亿,105.18亿,1000000670,False
18,002034,旺能环境,SZ,14.20,0.00,10.17,0.8688,-37.42,14.20,A股,0.000,14.26,14.13,0.34,0.83,173.57万,2463.58万,8.98,72.22亿,71.91亿,1000002187,False
19,300724,捷佳伟创,SZ,60.74,1.84,9.71,1.6046,-30.59,60.74,A股,1.100,60.92,59.40,1.20,1.60,345.76万,2.08亿,19.57,211.55亿,174.76亿,1000975319,False
20,002572,索菲亚,SZ,8.33,0.73,9.43,1.2167,-21.50,8.33,A股,0.060,8.37,8.21,0.51,1.29,331.98万,2751.36万,-52.19,80.22亿,54.27亿,1000008090,False
21,600098,广州发展,SH,6.21,-1.11,9.06,0.8091,-15.54,6.21,A股,-0.070,6.28,6.18,0.30,2.07,1065.99万,6630.82万,10.16,217.71亿,217.71亿,1000002322,False
22,002772,众兴菌业,SZ,10.64,0.00,8.87,1.1317,-29.82,10.64,A股,0.000,10.73,10.58,0.88,1.42,325.81万,3477.08万,6.13,39.87亿,39.54亿,1000317648,False
23,600720,中交设计,SH,5.19,-0.19,8.31,0.7585,-16.76,5.19,A股,-0.010,5.23,5.18,0.21,0.85,206.92万,1075.64万,41.67,119.09亿,52.37亿,1000002077,False
24,000600,建投能源,SZ,8.67,-1.92,7.69,1.2940,-18.80,8.67,A股,-0.170,8.93,8.61,1.92,2.49,2089.66万,1.82亿,6.52,156.34亿,94.51亿,1000004158,False
25,688330,宏力达,SH,33.55,0.60,7.45,1.0855,-17.56,33.55,A股,0.200,33.69,33.28,0.18,0.99,24.65万,825.96万,82.76,46.97亿,46.97亿,1002190546,False
26,600841,动力新科,SH,5.82,0.34,2.59,1.2582,-26.42,5.82,A股,0.020,5.86,5.77,0.33,0.89,341.30万,1987.77万,55.78,80.77亿,60.70亿,1000004123,False
27,301030,*ST仕净,SZ,8.40,-1.41,-1.12,-4.2788,-27.90,8.40,A股,-0.120,8.54,8.35,1.22,1.24,247.32万,2083.67万,-3.62,17.00亿,16.98亿,1002196464,False
28,688066,*ST航图,SH,9.15,-0.76,-1.30,-2.0530,-38.96,9.15,A股,-0.070,9.35,9.08,1.01,0.78,266.05万,2434.48万,-5.56,24.09亿,24.09亿,1001825946,False
29,600791,京能置业,SH,7.88,1.68,-3.14,-5.8855,-48.63,7.88,A股,0.130,7.96,7.64,2.47,2.73,1116.00万,8656.71万,-11.99,35.69亿,35.64亿,1000002154,False
30,300044,*ST赛为,SZ,5.28,1.93,-3.21,-3.5218,-19.14,5.28,A股,0.100,5.35,5.21,1.06,1.72,761.07万,4023.90万,-94.02,40.33亿,37.77亿,1000008133,False
31,300147,*ST香雪,SZ,7.35,-2.78,-3.43,-10.3091,-27.44,7.35,A股,-0.210,7.61,7.35,0.73,1.52,480.13万,3572.61万,-10.90,48.60亿,48.32亿,1000010203,False
32,600476,*ST湘邮,SH,10.20,3.66,-3.53,-3.7176,-19.75,10.20,A股,0.360,10.29,9.71,1.00,4.46,161.71万,1633.21万,156.32,16.43亿,16.43亿,1000001752,False
33,688184,ST帕瓦,SH,11.82,0.17,-3.74,1.6840,-15.45,11.82,A股,0.020,11.84,11.67,0.14,0.49,13.30万,156.48万,20.56,18.53亿,11.60亿,1002883576,False
34,600876,凯盛新能,SH,7.08,0.28,-4.00,1.6626,-22.11,7.08,A股,0.020,7.14,7.03,0.24,1.22,93.71万,662.52万,-3.23,45.71亿,28.01亿,1000004048,False
35,600072,中船科技,SH,8.92,0.00,-4.09,1.7599,-32.58,8.92,A股,0.000,8.98,8.87,0.37,0.88,402.46万,3590.71万,-16.94,133.86亿,96.63亿,1000001699,False
36,300118,东方日升,SZ,10.53,1.64,-4.11,1.4472,-41.21,10.53,A股,0.170,10.55,10.35,1.25,1.26,1163.01万,1.21亿,-8.31,120.04亿,97.59亿,1000008363,False
37,000610,*ST西旅,SZ,6.10,-0.65,-5.06,-17.7914,-22.49,6.10,A股,-0.040,6.20,6.06,0.46,1.40,107.50万,658.44万,-13.55,14.44亿,14.37亿,1000004169,False
38,601238,广汽集团,SH,5.24,0.19,-6.14,0.5126,-19.14,5.24,A股,0.010,5.26,5.18,0.10,1.14,753.49万,3934.37万,-20.35,534.33亿,386.91亿,1000007301,False
39,600438,通威股份,SH,13.19,2.73,-6.31,1.6985,-18.13,13.19,A股,0.350,13.33,12.70,1.11,2.10,5015.55万,6.55亿,-6.07,593.81亿,593.81亿,1000010004,False
40,002459,晶澳科技,SZ,7.79,1.30,-6.39,1.2409,-23.55,7.79,A股,0.100,7.83,7.66,0.50,1.75,1667.26万,1.29亿,-6.04,257.83亿,257.60亿,1000008171,False
41,605122,四方新材,SH,11.27,-1.14,-6.40,1.1174,-22.76,11.27,A股,-0.130,11.45,11.20,0.61,1.89,105.73万,1195.15万,72.92,19.42亿,19.42亿,1001893709,False
42,603982,泉峰汽车,SH,6.10,0.16,-6.51,1.0499,-20.98,6.10,A股,0.010,6.18,6.03,0.49,1.44,167.78万,1025.63万,-5.26,22.27亿,20.71亿,1001247939,False
43,603421,鼎信通讯,SH,6.02,0.50,-6.64,1.6313,-28.93,6.02,A股,0.030,6.05,5.95,0.85,0.89,557.01万,3348.92万,-10.48,39.26亿,39.26亿,1000310120,False
44,002798,帝欧水华,SZ,5.83,4.29,-6.84,1.7825,-28.38,5.83,A股,0.240,5.99,5.53,2.12,5.22,1094.32万,6394.70万,-58.56,34.25亿,30.13亿,1000303920,False
45,600683,京投发展,SH,11.75,10.02,-6.88,-5.9434,-29.30,11.75,A股,1.070,11.75,11.75,0.27,0.58,199.43万,2343.30万,-13.90,87.04亿,87.04亿,1000009559,False
46,688599,天合光能,SH,13.70,2.32,-7.32,1.5752,-20.63,13.70,A股,0.310,13.74,13.31,0.75,1.98,1746.37万,2.36亿,-59.46,320.93亿,320.93亿,1001860322,False
47,300616,尚品宅配,SZ,10.51,0.48,-7.70,0.8314,-42.43,10.51,A股,0.050,10.63,10.42,1.00,1.32,155.73万,1643.33万,-6.08,23.60亿,16.31亿,1000501671,False
48,000609,*ST中迪,SZ,11.12,9.34,-7.71,-10.4644,-28.03,11.12,A股,0.950,11.18,10.03,2.39,3.90,696.85万,7381.22万,-19.22,33.28亿,32.37亿,1000004168,False
49,300268,佳沃食品,SZ,11.44,-0.17,-7.84,-1.9296,-18.52,11.44,A股,-0.020,11.52,11.38,0.44,1.14,58.75万,672.86万,-63.56,19.93亿,15.30亿,1000009881,False
50,600229,城市传媒,SH,5.17,0.78,-7.88,1.2361,-16.61,5.17,A股,0.040,5.23,5.12,0.22,1.40,143.97万,746.11万,31.90,34.16亿,34.16亿,1000001756,False
51,603458,勘设股份,SH,9.92,1.54,-7.94,1.1780,-24.62,9.92,A股,0.150,10.04,9.71,1.42,1.25,434.21万,4299.09万,-47.59,30.37亿,30.37亿,1000625550,False
52,920175,东方碳素,BJ,8.09,0.25,-8.30,1.4869,-20.14,8.09,A股,0.020,8.14,8.02,0.52,0.85,41.52万,335.31万,-17.31,9.63亿,6.41亿,1000393162,False
53,603208,江山欧派,SH,11.33,0.71,-8.49,1.9658,-19.24,11.33,A股,0.080,11.42,11.22,0.47,1.87,82.22万,930.96万,-13.70,19.93亿,19.93亿,1000413983,False
54,301126,达嘉维康,SZ,9.91,-0.30,-8.49,1.3568,-16.16,9.91,A股,-0.030,10.04,9.76,1.36,1.66,187.48万,1860.09万,85.31,20.36亿,13.66亿,1002312677,False
55,002030,达安基因,SZ,5.60,0.00,-8.78,1.1164,-15.66,5.60,A股,0.000,5.64,5.58,0.43,1.03,599.25万,3357.38万,-20.02,78.59亿,78.59亿,1000002028,False
56,603385,惠达卫浴,SH,5.38,-0.19,-8.86,0.5821,-16.85,5.38,A股,-0.010,5.44,5.35,0.25,1.25,96.52万,520.47万,-16.80,20.48亿,20.48亿,1000472461,False
57,600053,*ST九鼎,SH,7.33,0.41,-8.86,1.4288,-27.28,7.33,A股,0.030,7.39,7.28,0.08,1.11,34.38万,252.43万,-23.22,31.78亿,31.78亿,1000002500,False
58,688132,邦彦技术,SH,13.60,1.57,-9.08,1.7525,-24.15,13.60,A股,0.210,13.63,13.32,0.32,1.43,48.99万,662.61万,-11.93,20.70亿,20.70亿,1001835491,False
59,600955,维远股份,SH,12.74,0.47,-9.25,0.9166,-28.40,12.74,A股,0.060,12.87,12.65,0.19,1.31,102.70万,1310.60万,24.56,70.07亿,70.07亿,1002297030,False
60,002667,*ST威领,SZ,14.20,-2.41,-9.92,-186.0519,-30.26,14.20,A股,-0.350,14.82,13.38,5.37,2.01,1271.32万,1.79亿,55.41,37.00亿,33.60亿,1000009975,False
61,000876,新 希 望,SZ,6.94,-1.00,-9.99,1.6589,-16.79,6.94,A股,-0.070,7.02,6.93,0.32,1.66,1426.65万,9942.34万,-8.70,312.49亿,312.30亿,1000002234,False
62,002856,*ST美芝,SZ,14.46,-1.90,-10.04,-38.4481,-25.62,14.46,A股,-0.280,14.57,14.19,0.99,1.01,123.27万,1777.12万,-196.75,19.57亿,17.92亿,1000317654,False
63,603348,文灿股份,SH,14.56,0.48,-10.61,1.1761,-20.57,14.56,A股,0.070,14.70,14.42,0.27,0.84,83.65万,1215.59万,-14.35,45.79亿,45.79亿,1000693895,False
64,688670,金迪克,SH,15.81,1.41,-10.63,1.8090,-22.12,15.81,A股,0.220,15.95,15.31,0.53,1.69,64.78万,1023.96万,-21.75,19.48亿,19.48亿,1002422302,False
65,002221,东华能源,SZ,5.56,-0.36,-10.79,0.8782,-29.62,5.56,A股,-0.020,5.61,5.52,0.41,1.20,602.10万,3350.07万,13.63,87.63亿,81.23亿,1000007548,False
66,300737,科顺股份,SZ,5.13,0.00,-11.12,1.4456,-29.73,5.13,A股,0.000,5.19,5.09,0.75,1.21,662.67万,3410.71万,22.41,56.96亿,45.51亿,1000937992,False
67,003038,鑫铂股份,SZ,11.10,0.54,-11.49,0.9590,-19.16,11.10,A股,0.060,11.21,11.04,0.64,1.15,102.98万,1145.02万,-85.02,27.00亿,17.95亿,1002250057,False
68,300755,华致酒行,SZ,11.77,0.77,-12.23,1.7481,-34.68,11.77,A股,0.090,11.97,11.60,0.68,1.95,283.34万,3351.01万,23.12,49.06亿,49.03亿,1000012609,False
69,603108,润达医疗,SH,10.82,1.31,-12.28,1.7734,-28.20,10.82,A股,0.140,11.03,10.51,2.44,1.88,1472.73万,1.60亿,-30.53,65.42亿,65.42亿,1000314884,False
70,688707,振华新材,SH,10.86,1.21,-12.84,1.4196,-31.14,10.86,A股,0.130,10.93,10.66,0.38,1.29,194.55万,2108.54万,-14.45,55.25亿,55.25亿,1002499821,False
71,001330,博纳影业,SZ,5.39,0.19,-13.38,1.9492,-42.90,5.39,A股,0.010,5.53,5.31,3.99,2.36,4639.78万,2.52亿,-41.84,74.09亿,62.68亿,1001126723,False
72,603633,徕木股份,SH,6.42,0.63,-13.49,1.5743,-19.85,6.42,A股,0.040,6.47,6.36,0.44,1.00,187.74万,1204.96万,-19.13,27.40亿,27.40亿,1000326767,False
73,603258,电魂网络,SH,13.48,0.75,-13.73,1.6790,-16.17,13.48,A股,0.100,13.63,13.29,0.57,1.38,137.12万,1852.09万,-36.26,32.72亿,32.53亿,1000319591,False
74,003042,中农联合,SZ,13.40,-0.15,-13.77,1.5604,-19.52,13.40,A股,-0.020,13.55,13.27,0.88,1.27,108.43万,1453.52万,238.91,19.09亿,16.52亿,1002274963,False
75,300732,设研院,SZ,6.19,-0.16,-14.39,0.8208,-19.51,6.19,A股,-0.010,6.27,6.16,0.51,1.23,189.62万,1177.52万,-84.27,22.97亿,22.95亿,1000882988,False
76,002840,华统股份,SZ,8.03,-0.86,-15.68,1.7911,-22.79,8.03,A股,-0.070,8.15,7.99,0.66,1.18,522.96万,4216.77万,-6.69,64.41亿,63.97亿,1000350711,False
77,002291,遥望科技,SZ,5.63,1.62,-15.95,1.7696,-17.81,5.63,A股,0.090,5.70,5.49,2.63,1.32,2284.34万,1.29亿,5.79,52.65亿,48.93亿,1000007964,False
78,300683,海特生物,SZ,29.62,-3.36,-16.13,1.8136,-15.90,29.62,A股,-1.030,30.62,29.41,4.52,2.03,551.24万,1.65亿,-42.06,38.77亿,36.16亿,1000717178,False
79,603381,永臻股份,SH,15.26,0.99,-16.20,1.0826,-34.95,15.26,A股,0.150,15.32,15.02,1.16,1.84,165.35万,2506.08万,37.15,36.21亿,21.69亿,1003441062,False
80,300385,ST雪浪,SZ,10.94,-0.27,-16.40,-638.2295,-26.33,10.94,A股,-0.030,11.20,10.90,0.49,1.15,142.55万,1571.42万,-24.63,36.45亿,31.80亿,1000012314,False
81,002208,合肥城建,SZ,11.49,1.06,-16.64,1.5584,-54.26,11.49,A股,0.120,11.58,11.27,1.86,1.17,1497.66万,1.72亿,-92.69,92.30亿,92.27亿,1000007169,False
82,688567,孚能科技,SH,10.27,1.08,-17.10,1.3748,-25.74,10.27,A股,0.110,10.32,10.13,0.23,1.20,281.86万,2885.30万,-22.37,125.51亿,125.51亿,1001976649,False
83,300575,中旗股份,SZ,5.62,0.54,-17.25,1.3815,-18.08,5.62,A股,0.030,5.67,5.57,1.17,1.24,403.45万,2268.62万,999.36,26.90亿,19.46亿,1000430985,False
84,301260,格力博,SZ,14.26,0.85,-17.35,1.5976,-16.36,14.26,A股,0.120,14.29,14.03,0.32,1.06,65.24万,925.64万,12.71,68.93亿,29.28亿,1002646069,False
85,001278,一彬科技,SZ,16.13,2.09,-18.22,1.6897,-28.31,16.13,A股,0.330,16.20,15.70,0.99,1.78,84.60万,1353.51万,-11.70,19.96亿,13.76亿,1002900202,False
86,605177,东亚药业,SH,17.64,0.57,-18.28,1.2180,-20.79,17.64,A股,0.100,17.84,17.35,0.56,1.43,63.89万,1128.50万,-14.37,20.24亿,20.05亿,1001887314,False
87,688560,明冠新材,SH,12.31,0.90,-18.43,0.9658,-24.85,12.31,A股,0.110,12.35,12.14,0.42,0.94,85.49万,1046.93万,-38.50,24.78亿,24.78亿,1001654603,False
88,600271,航天信息,SH,6.99,-0.43,-18.69,0.9976,-16.49,6.99,A股,-0.030,7.06,6.98,0.24,1.07,450.33万,3157.71万,-12.34,129.52亿,129.52亿,1000001016,False
89,300958,建工修复,SZ,11.74,-0.17,-18.84,1.5221,-18.30,11.74,A股,-0.020,11.85,11.66,1.16,1.07,105.76万,1243.91万,-21.87,18.40亿,10.69亿,1000485174,False
90,300500,启迪设计,SZ,9.42,0.86,-18.96,1.6451,-23.10,9.42,A股,0.080,9.48,9.30,0.87,1.86,146.26万,1375.45万,18.14,16.39亿,15.79亿,1000312102,False
91,002869,金溢科技,SZ,16.21,0.75,-19.40,1.4225,-20.62,16.21,A股,0.120,16.28,15.99,0.61,1.09,95.48万,1543.02万,-28.43,28.68亿,25.53亿,1000501661,False
92,300887,谱尼测试,SZ,7.49,-0.53,-19.99,1.4856,-24.34,7.49,A股,-0.040,7.57,7.46,1.79,0.76,650.04万,4884.07万,-14.71,40.88亿,27.13亿,1000014384,False
93,000553,安道麦A,SZ,5.43,0.37,-20.16,0.7062,-18.71,5.43,A股,0.020,5.44,5.37,0.10,1.13,214.57万,1158.41万,5.56,126.51亿,118.21亿,1000002318,False
94,300055,万邦达,SZ,6.06,-0.82,-21.25,1.0359,-37.55,6.06,A股,-0.050,6.18,6.04,0.73,1.29,459.48万,2806.00万,35.23,50.71亿,38.35亿,1000007862,False
95,002620,*ST瑞和,SZ,5.16,0.98,-21.37,-26.4312,-44.75,5.16,A股,0.050,5.17,5.09,0.31,0.62,98.91万,507.76万,-22.22,19.48亿,16.31亿,1000009882,False
96,002623,亚玛顿,SZ,16.92,0.12,-21.57,1.2282,-21.93,16.92,A股,0.020,17.12,16.75,0.66,1.01,127.91万,2169.21万,-21.07,32.67亿,32.59亿,1000010248,False
97,000881,中广核技,SZ,6.54,-0.15,-22.01,1.2424,-18.35,6.54,A股,-0.010,6.60,6.53,0.29,0.97,263.12万,1725.50万,-26.25,61.83亿,59.10亿,1000002238,False
98,603001,奥康国际,SH,7.55,-1.31,-23.04,1.2826,-16.48,7.55,A股,-0.100,7.68,7.51,1.42,1.58,570.82万,4320.20万,86.13,30.27亿,30.27亿,1000008694,False
99,688217,睿昂基因,SH,24.23,0.46,-23.05,1.6114,-17.98,24.23,A股,0.110,24.50,23.76,0.70,1.35,39.14万,946.24万,-67.90,13.53亿,13.53亿,1002283198,False
100,688348,昱能科技,SH,33.52,2.10,-23.30,1.5680,-32.21,33.52,A股,0.690,33.55,32.69,0.41,1.65,64.12万,2130.24万,-21.25,52.38亿,52.38亿,1002682664,False
101,300793,佳禾智能,SZ,11.22,-0.36,-23.83,1.5285,-24.65,11.22,A股,-0.040,11.34,11.20,0.40,1.01,149.43万,1682.57万,-123.15,42.70亿,41.75亿,1001429364,False
102,002227,*ST特迅,SZ,6.46,2.22,-24.54,1.7350,-29.63,6.46,A股,0.140,6.49,6.26,0.62,2.30,153.28万,984.82万,-25.45,15.98亿,15.86亿,1000007777,False
103,688658,悦康药业,SH,13.46,0.15,-24.60,1.8455,-32.12,13.46,A股,0.020,13.80,13.25,1.20,1.37,538.23万,7301.03万,-45.74,60.57亿,60.57亿,1002046594,False
104,300134,大富科技,SZ,8.60,0.12,-24.68,1.8056,-26.93,8.60,A股,0.010,8.65,8.45,1.01,0.91,774.53万,6630.44万,-31.11,66.00亿,66.00亿,1000008079,False
105,600006,东风股份,SH,5.41,0.00,-25.44,1.3537,-20.21,5.41,A股,0.000,5.44,5.35,0.21,1.15,418.14万,2258.69万,13.16,108.20亿,108.20亿,1000002210,False
106,688299,长阳科技,SH,13.10,0.92,-25.68,1.9199,-34.50,13.10,A股,0.120,13.14,12.91,0.45,1.06,129.87万,1696.44万,84.46,37.65亿,37.65亿,1001832508,False
107,603116,红蜻蜓,SH,6.15,-0.16,-26.24,1.4738,-18.47,6.15,A股,-0.010,6.20,6.10,0.26,0.64,151.57万,932.81万,96.00,35.44亿,35.44亿,1000306341,False
108,920263,中航泰达,BJ,7.20,0.00,-26.86,1.8871,-27.49,7.20,A股,0.000,7.26,7.11,0.20,0.79,20.06万,144.24万,-13.92,10.17亿,7.38亿,1000594271,False
109,300213,佳讯飞鸿,SZ,6.51,0.93,-27.46,1.8892,-23.50,6.51,A股,0.060,6.58,6.41,0.72,1.31,400.12万,2603.62万,1237.63,38.69亿,35.95亿,1000006398,False
110,002045,国光电器,SZ,8.66,-0.92,-28.49,1.1523,-23.35,8.66,A股,-0.080,8.74,8.60,1.15,0.84,643.75万,5579.19万,-47.31,48.71亿,48.65亿,1000001782,False
111,301325,曼恩斯特,SZ,32.35,0.78,-29.76,1.7592,-25.84,32.35,A股,0.250,32.47,32.00,0.26,1.08,38.04万,1227.16万,-28.41,46.55亿,46.55亿,1002687835,False
112,300126,锐奇股份,SZ,6.34,0.96,-29.88,1.9368,-21.44,6.33,A股,0.060,6.39,6.23,0.66,1.30,138.31万,873.74万,-26.15,19.27亿,13.36亿,1000008367,False
113,605399,晨光新材,SH,10.97,0.73,-31.29,1.6588,-28.25,10.97,A股,0.080,11.02,10.78,0.34,1.06,104.65万,1143.47万,-44.13,34.16亿,34.12亿,1001881516,False
114,301311,昆船智能,SZ,13.85,0.51,-31.84,1.9394,-16.97,13.85,A股,0.070,13.90,13.73,0.16,0.51,39.54万,546.59万,-32.73,33.24亿,33.24亿,1002672330,False
115,605336,*ST帅电,SH,11.47,-6.29,-33.75,1.1662,-37.66,11.47,A股,-0.770,12.20,11.40,2.02,4.29,370.01万,4278.91万,-73.03,21.04亿,21.04亿,1001893737,False
116,002492,恒基达鑫,SZ,5.64,0.00,-34.86,1.4073,-23.68,5.64,A股,0.000,5.69,5.57,0.42,1.03,167.50万,944.63万,29.09,22.84亿,22.44亿,1000008354,False
117,300947,德必集团,SZ,14.40,0.84,-34.99,1.8357,-17.62,14.40,A股,0.120,14.60,14.14,0.81,1.82,122.73万,1770.20万,297.55,21.76亿,21.76亿,1002144746,False
118,688408,中信博,SH,27.53,2.19,-35.74,1.4872,-28.29,27.53,A股,0.590,27.56,26.81,0.58,1.45,127.26万,3464.86万,-31.09,60.31亿,60.31亿,1001893736,False
119,688737,中自科技,SH,18.45,0.16,-36.33,1.2432,-38.70,18.45,A股,0.030,18.60,18.35,0.50,1.71,59.29万,1097.45万,160.17,22.06亿,22.06亿,1002496295,False
120,002809,红墙股份,SZ,8.35,1.21,-38.36,1.1182,-22.27,8.35,A股,0.100,8.38,8.21,1.10,1.40,187.65万,1561.74万,-44.83,20.06亿,14.19亿,1000310898,False
121,300245,ST天玑,SZ,5.91,1.03,-41.85,1.4936,-19.04,5.91,A股,0.060,5.98,5.85,0.92,1.68,270.45万,1603.23万,-25.32,18.03亿,17.35亿,1000008211,False
122,300057,万顺新材,SZ,6.57,1.08,-42.30,1.1761,-27.56,6.57,A股,0.070,6.64,6.46,1.24,1.23,1030.42万,6776.56万,75.14,65.93亿,54.60亿,1000007863,False
123,002819,东方中科,SZ,20.82,2.41,-42.47,1.5979,-25.39,20.82,A股,0.490,21.00,20.30,0.65,3.30,155.58万,3223.73万,-43.61,62.53亿,49.62亿,1000310514,False
124,002295,精艺股份,SZ,8.94,0.45,-42.61,1.7248,-21.58,8.94,A股,0.040,9.04,8.88,0.26,0.70,64.22万,574.87万,77.74,22.41亿,22.39亿,1000007576,False
125,300778,新城市,SZ,10.92,1.30,-43.04,1.8508,-23.85,10.92,A股,0.140,11.00,10.67,0.71,1.64,144.75万,1580.69万,-32.67,22.24亿,22.23亿,1001117734,False
126,300982,苏文电能,SZ,16.08,1.52,-43.25,1.1681,-30.66,16.08,A股,0.240,16.15,15.70,0.76,1.45,147.50万,2353.32万,-98.25,33.28亿,31.18亿,1001893727,False
127,600843,上工申贝,SH,7.15,0.70,-43.95,1.8798,-19.66,7.15,A股,0.050,7.18,7.07,0.42,1.12,197.59万,1410.93万,1125.08,50.99亿,33.55亿,1000004125,False
128,600135,乐凯胶片,SH,7.49,0.00,-44.16,1.7596,-32.16,7.49,A股,0.000,7.53,7.43,0.32,0.99,178.78万,1338.36万,-43.67,41.44亿,41.44亿,1000001876,False
129,688032,禾迈股份,SH,81.10,1.62,-47.25,1.7739,-28.36,81.10,A股,1.290,81.22,79.01,0.38,2.07,47.05万,3783.56万,-40.45,100.62亿,100.62亿,1002496291,False
130,920471,美邦科技,BJ,11.40,0.35,-48.11,1.8825,-19.45,11.40,A股,0.040,11.47,11.28,0.49,1.09,25.94万,295.22万,43.12,9.48亿,6.05亿,1000421182,False
131,300625,三雄极光,SZ,9.57,-0.21,-49.55,1.4380,-19.36,9.57,A股,-0.020,9.66,9.54,0.31,1.04,50.89万,488.45万,-25.93,26.73亿,15.50亿,1000576693,False
132,688393,安必平,SH,20.11,-0.15,-49.79,1.6053,-18.63,20.11,A股,-0.030,20.29,19.92,0.66,1.22,61.61万,1240.44万,-256.41,18.82亿,18.82亿,1000427685,False
133,002531,天顺风能,SZ,6.70,1.36,-52.40,1.3887,-43.98,6.70,A股,0.090,6.74,6.59,0.65,1.13,1166.19万,7770.75万,72.69,120.39亿,119.71亿,1000008144,False
134,301383,天键股份,SZ,22.72,1.97,-52.52,1.9023,-34.13,22.72,A股,0.440,23.06,22.28,1.36,2.68,95.92万,2184.14万,-26.93,37.10亿,16.04亿,1002883482,False
135,300838,浙江力诺,SZ,13.69,0.37,-57.86,1.9860,-36.77,13.69,A股,0.050,13.79,13.55,0.60,1.11,60.80万,831.67万,363.57,18.89亿,13.93亿,1001730961,False
136,002455,百川股份,SZ,7.29,0.14,-57.91,1.8826,-24.22,7.29,A股,0.010,7.37,7.21,2.58,1.12,1703.99万,1.24亿,37.21,52.67亿,48.17亿,1000008383,False
137,301355,南王科技,SZ,10.07,-0.49,-61.99,1.3314,-20.02,10.07,A股,-0.050,10.20,10.03,0.42,0.76,58.09万,585.81万,257.62,19.65亿,14.07亿,1002667416,False
138,002449,国星光电,SZ,6.44,0.63,-62.96,1.0601,-22.69,6.44,A股,0.040,6.45,6.37,0.27,0.87,166.32万,1067.12万,-29.66,39.83亿,39.83亿,1000007887,False
139,688211,中科微至,SH,31.06,0.19,-63.93,1.1656,-18.16,31.06,A股,0.060,31.33,30.71,0.10,0.76,12.68万,395.29万,344.59,40.72亿,40.72亿,1002453358,False
140,605136,丽人丽妆,SH,8.48,0.12,-66.16,1.4068,-19.77,8.48,A股,0.010,8.59,8.41,0.65,1.25,261.38万,2222.04万,82.12,33.96亿,33.96亿,1000779801,False
141,603887,城地香江,SH,11.35,9.98,-69.23,1.9614,-24.03,11.35,A股,1.030,11.35,11.35,1.00,1.05,603.07万,6844.81万,-127.36,68.33亿,68.33亿,1000310527,False
142,300504,天邑股份,SZ,14.76,1.37,-69.50,1.9087,-21.82,14.76,A股,0.200,14.83,14.42,0.97,1.35,211.42万,3106.40万,43.69,40.00亿,32.21亿,1000376812,False
143,301519,舜禹股份,SZ,11.97,1.10,-75.82,1.4228,-21.63,11.97,A股,0.130,12.03,11.83,1.24,1.33,94.14万,1124.53万,-32.14,19.35亿,9.11亿,1002678799,False
144,300232,洲明科技,SZ,5.33,0.76,-78.14,1.2916,-15.80,5.33,A股,0.040,5.37,5.28,0.42,1.19,370.10万,1972.90万,-17.51,58.11亿,47.36亿,1000008220,False
145,603278,大业股份,SH,9.88,1.96,-78.60,1.7439,-40.01,9.88,A股,0.190,10.06,9.63,3.17,2.42,1082.53万,1.07亿,-34.37,33.77亿,33.77亿,1000863704,False
146,603180,金牌家居,SH,15.16,0.07,-86.02,0.8716,-19.52,15.16,A股,0.010,15.29,15.00,0.24,1.44,36.84万,559.73万,-41.26,23.39亿,23.39亿,1000489018,False
147,600328,中盐化工,SH,6.37,-0.47,-95.63,0.7909,-16.36,6.37,A股,-0.030,6.41,6.35,0.27,1.17,398.37万,2538.88万,-15.13,93.40亿,93.40亿,1000001964,False
148,300594,ST朗进,SZ,15.31,0.00,-101.91,1.8418,-21.12,15.31,A股,0.000,15.42,15.18,0.46,0.90,41.58万,635.58万,-29.13,14.07亿,13.93亿,1001217013,False
149,688399,硕世生物,SH,29.37,0.62,-111.23,1.2369,-27.83,29.37,A股,0.180,29.95,28.95,0.84,1.90,103.90万,3067.58万,43.15,36.46亿,36.46亿,1001834120,False
150,688175,高凌信息,SH,19.40,2.92,-128.82,1.8982,-29.16,19.40,A股,0.550,19.57,18.69,0.72,1.35,120.31万,2303.32万,206.52,32.61亿,32.61亿,1002636851,False
151,002190,成飞集成,SZ,23.57,-0.04,-130.12,1.9446,-26.27,23.57,A股,-0.010,23.79,23.45,0.45,1.00,161.85万,3822.83万,-102.89,84.55亿,84.55亿,1000009813,False
152,600703,三安光电,SH,13.58,0.89,-136.15,1.9413,-19.41,13.58,A股,0.120,13.67,13.38,1.02,0.87,5076.82万,6.87亿,250.96,677.51亿,677.51亿,1000001823,False
153,002799,环球印务,SZ,6.91,2.07,-138.36,1.7290,-20.57,6.91,A股,0.140,7.07,6.77,1.75,4.16,561.01万,3898.44万,103.08,22.11亿,22.11亿,1000011258,False
154,301327,华宝新能,SZ,45.80,1.15,-148.58,1.3109,-24.92,45.80,A股,0.520,45.85,44.91,0.25,1.41,42.75万,1948.56万,140.95,79.87亿,79.87亿,1002678785,False
155,300883,龙利得,SZ,6.05,0.83,-161.04,1.4832,-16.44,6.05,A股,0.050,6.09,5.97,2.20,1.89,728.87万,4388.74万,-309.16,20.93亿,20.01亿,1001011305,False
156,300195,长荣股份,SZ,5.52,0.36,-170.58,0.8784,-19.10,5.52,A股,0.020,5.56,5.48,1.18,0.95,369.19万,2041.21万,-17.62,23.39亿,17.33亿,1000008741,False
157,301090,华润材料,SZ,6.49,-1.07,-208.79,1.4483,-20.56,6.49,A股,-0.070,6.60,6.49,0.19,1.52,275.20万,1796.34万,114.29,95.56亿,95.46亿,1002320083,False
158,000910,大亚圣象,SZ,5.36,0.56,-211.14,0.4547,-24.08,5.36,A股,0.030,5.37,5.31,0.20,1.01,111.56万,596.35万,-7.58,29.34亿,29.33亿,1000001113,False
159,300543,朗科智能,SZ,7.95,0.89,-269.38,1.7335,-17.92,7.95,A股,0.070,7.99,7.85,0.81,1.21,201.84万,1599.90万,-73.63,24.36亿,19.89亿,1000322049,False
160,603185,弘元绿能,SH,17.22,-0.17,-279.27,1.0055,-21.09,17.22,A股,-0.030,17.35,16.86,0.88,1.39,598.73万,1.02亿,-10.11,117.63亿,116.93亿,1000012057,False
161,000735,罗 牛 山,SZ,5.20,0.39,-295.18,1.4504,-15.72,5.20,A股,0.020,5.26,5.17,0.67,1.08,772.41万,4032.29万,-9.02,59.88亿,59.85亿,1000002512,False
162,300183,东软载波,SZ,10.66,0.76,-307.22,1.5954,-20.80,10.65,A股,0.080,10.70,10.51,0.33,1.40,124.24万,1320.12万,-54.58,49.31亿,39.55亿,1000008623,False
163,300933,中辰股份,SZ,6.75,0.15,-311.42,1.7386,-24.83,6.75,A股,0.010,6.79,6.69,0.71,0.64,388.97万,2622.99万,55.88,36.93亿,36.93亿,1001893717,False
164,600821,金开新能,SH,6.47,-0.77,-332.23,1.4118,-25.89,6.47,A股,-0.050,6.66,6.41,1.56,1.67,3064.91万,1.99亿,-165.74,127.29亿,127.29亿,1000000281,False
165,300381,溢多利,SZ,6.13,1.16,-360.51,1.1578,-15.52,6.13,A股,0.070,6.16,6.05,0.57,1.52,272.27万,1665.44万,44.64,29.43亿,29.33亿,1000010612,False
166,003005,竞业达,SZ,14.04,1.15,-371.11,1.8203,-21.17,14.04,A股,0.160,14.19,13.81,1.54,0.84,195.11万,2742.01万,-21.07,32.49亿,17.83亿,1001893694,False
167,300915,海融科技,SZ,20.80,-0.43,-373.46,1.7614,-15.81,20.80,A股,-0.090,21.12,20.60,1.05,1.40,60.52万,1265.65万,35.65,26.17亿,11.97亿,1001030406,False
168,301515,港通医疗,SZ,19.15,0.68,-392.25,1.5646,-20.54,19.15,A股,0.130,19.20,18.73,0.63,1.14,42.55万,811.08万,-722.99,19.17亿,12.95亿,1000501659,False
169,000039,中集集团,SZ,8.76,-2.56,-414.31,1.0198,-23.22,8.76,A股,-0.230,9.00,8.65,2.26,3.91,5206.56万,4.59亿,56.52,472.38亿,201.60亿,1000000309,False
170,688420,美腾科技,SH,22.11,0.55,-427.66,1.3703,-22.28,22.11,A股,0.120,22.28,21.56,0.21,1.50,18.77万,415.29万,126.29,19.55亿,19.55亿,1002561050,False
171,688556,高测股份,SH,8.77,2.10,-436.99,1.8711,-38.50,8.77,A股,0.180,8.78,8.57,0.82,1.42,677.34万,5904.68万,-36.26,72.86亿,72.86亿,1002102873,False
172,600992,贵绳股份,SH,10.01,0.30,-833.73,1.7164,-21.67,10.01,A股,0.030,10.23,9.90,1.52,1.54,373.12万,3749.43万,-11.23,24.53亿,24.53亿,1000002351,False
173,603189,*ST网达,SH,9.59,1.05,-925.13,1.7840,-28.06,9.59,A股,0.100,9.77,9.57,0.42,1.19,112.93万,1089.29万,-128.02,25.85亿,25.85亿,1000310887,False
174,002790,瑞尔特,SZ,5.84,0.17,-1066.07,1.1825,-18.18,5.84,A股,0.010,5.87,5.80,0.38,0.91,98.40万,573.94万,683.41,24.36亿,15.20亿,1000312101,False
175,000006,深振业Ａ,SZ,6.98,2.80,-1071.52,1.7551,-37.34,6.98,A股,0.190,7.01,6.80,0.77,2.34,1045.00万,7247.60万,312.95,94.23亿,94.23亿,1000009567,False
176,301390,经纬股份,SZ,30.60,0.62,-2939.19,1.9614,-18.67,30.60,A股,0.190,30.67,30.29,0.57,1.12,27.95万,852.81万,-106.27,18.36亿,15.01亿,1002875160,False
177,000852,石化机械,SZ,5.27,-1.13,-3633.94,1.6108,-24.82,5.27,A股,-0.060,5.35,5.27,0.42,1.46,397.35万,2110.13万,-196.81,50.37亿,50.08亿,1000000927,False
